{
  "family": "redirect",
  "validation_log_loss": 0.09606212470896659,
  "validation_accuracy": 0.9333333333333333,
  "precision": 1.0,
  "recall": 0.8,
  "f1_score": 0.8888888888888888,
  "support": 200.0,
  "n_samples": 3000,
  "n_features": 45
}