{
  "family": "xss",
  "validation_log_loss": 0.1303717283259099,
  "validation_accuracy": 0.9166666666666666,
  "precision": 0.8,
  "recall": 1.0,
  "f1_score": 0.8888888888888888,
  "support": 200.0,
  "n_samples": 3000,
  "n_features": 45
}