{
  "family": "sqli",
  "validation_log_loss": 0.043203943598192594,
  "validation_accuracy": 0.9883333333333333,
  "precision": 1.0,
  "recall": 0.965,
  "f1_score": 0.9821882951653944,
  "support": 200.0,
  "n_samples": 3000,
  "n_features": 45
}