{
  "slope": 0.7097140188655395,
  "intercept": -0.16573909775173143
}