{
  "family": "xss",
  "model_type": "xgboost",
  "feature_count": 48,
  "best_params": {},
  "feature_importance": {
    "feature_22": 0.36519256234169006,
    "feature_23": 0.2799704968929291,
    "feature_9": 0.07728074491024017,
    "feature_10": 0.060075871646404266,
    "feature_14": 0.04120634123682976,
    "feature_8": 0.04088928923010826,
    "feature_21": 0.03193637356162071,
    "feature_24": 0.0283792894333601,
    "feature_15": 0.022652363404631615,
    "feature_11": 0.01741207391023636,
    "feature_20": 0.017357561737298965,
    "feature_13": 0.012130792252719402,
    "feature_12": 0.004124945029616356,
    "feature_0": 0.0007547464338131249,
    "feature_2": 0.0006365441950038075,
    "feature_1": 0.0,
    "feature_3": 0.0,
    "feature_4": 0.0,
    "feature_5": 0.0,
    "feature_6": 0.0,
    "feature_7": 0.0,
    "feature_16": 0.0,
    "feature_17": 0.0,
    "feature_18": 0.0,
    "feature_19": 0.0,
    "feature_25": 0.0,
    "feature_26": 0.0,
    "feature_27": 0.0,
    "feature_28": 0.0,
    "feature_29": 0.0,
    "feature_30": 0.0,
    "feature_31": 0.0,
    "feature_32": 0.0,
    "feature_33": 0.0,
    "feature_34": 0.0,
    "feature_35": 0.0,
    "feature_36": 0.0,
    "feature_37": 0.0,
    "feature_38": 0.0,
    "feature_39": 0.0,
    "feature_40": 0.0,
    "feature_41": 0.0,
    "feature_42": 0.0,
    "feature_43": 0.0,
    "feature_44": 0.0,
    "feature_45": 0.0,
    "feature_46": 0.0,
    "feature_47": 0.0
  },
  "cv_scores": {
    "cv_scores": [
      1.0,
      1.0,
      1.0
    ],
    "cv_mean": 1.0,
    "cv_std": 0.0,
    "cv_min": 1.0,
    "cv_max": 1.0
  }
}