{
  "family": "sqli",
  "model_type": "xgboost",
  "feature_count": 48,
  "best_params": {},
  "feature_importance": {
    "feature_5": 0.3268071115016937,
    "feature_6": 0.17990078032016754,
    "feature_7": 0.11227867007255554,
    "feature_3": 0.1099962592124939,
    "feature_12": 0.08852754533290863,
    "feature_0": 0.06027243286371231,
    "feature_4": 0.0413217730820179,
    "feature_14": 0.025164412334561348,
    "feature_2": 0.01455513946712017,
    "feature_13": 0.012933943420648575,
    "feature_10": 0.012811854481697083,
    "feature_11": 0.010775309056043625,
    "feature_1": 0.004654811695218086,
    "feature_8": 0.0,
    "feature_9": 0.0,
    "feature_15": 0.0,
    "feature_16": 0.0,
    "feature_17": 0.0,
    "feature_18": 0.0,
    "feature_19": 0.0,
    "feature_20": 0.0,
    "feature_21": 0.0,
    "feature_22": 0.0,
    "feature_23": 0.0,
    "feature_24": 0.0,
    "feature_25": 0.0,
    "feature_26": 0.0,
    "feature_27": 0.0,
    "feature_28": 0.0,
    "feature_29": 0.0,
    "feature_30": 0.0,
    "feature_31": 0.0,
    "feature_32": 0.0,
    "feature_33": 0.0,
    "feature_34": 0.0,
    "feature_35": 0.0,
    "feature_36": 0.0,
    "feature_37": 0.0,
    "feature_38": 0.0,
    "feature_39": 0.0,
    "feature_40": 0.0,
    "feature_41": 0.0,
    "feature_42": 0.0,
    "feature_43": 0.0,
    "feature_44": 0.0,
    "feature_45": 0.0,
    "feature_46": 0.0,
    "feature_47": 0.0
  },
  "cv_scores": {
    "cv_scores": [
      1.0,
      1.0,
      0.9984984984984985
    ],
    "cv_mean": 0.9994994994994996,
    "cv_std": 0.0007078145957823401,
    "cv_min": 0.9984984984984985,
    "cv_max": 1.0
  }
}