{
  "redirect": {
    "family": "redirect",
    "model_type": "xgboost",
    "train_score": 1.0,
    "val_score": 1.0,
    "cv_scores": {
      "cv_scores": [
        1.0,
        0.9985007496251874,
        1.0
      ],
      "cv_mean": 0.9995002498750626,
      "cv_std": 0.0007067534044842977,
      "cv_min": 0.9985007496251874,
      "cv_max": 1.0
    },
    "feature_importance": {
      "feature_31": 0.382277250289917,
      "feature_30": 0.18002015352249146,
      "feature_33": 0.15606576204299927,
      "feature_34": 0.09320206940174103,
      "feature_21": 0.0738295242190361,
      "feature_32": 0.03360104560852051,
      "feature_23": 0.02795482985675335,
      "feature_22": 0.020150480791926384,
      "feature_16": 0.010589879006147385,
      "feature_17": 0.009177434258162975,
      "feature_18": 0.007368048653006554,
      "feature_19": 0.0036241954658180475,
      "feature_20": 0.0021393608767539263,
      "feature_0": 0.0,
      "feature_1": 0.0,
      "feature_2": 0.0,
      "feature_3": 0.0,
      "feature_4": 0.0,
      "feature_5": 0.0,
      "feature_6": 0.0,
      "feature_7": 0.0,
      "feature_8": 0.0,
      "feature_9": 0.0,
      "feature_10": 0.0,
      "feature_11": 0.0,
      "feature_12": 0.0,
      "feature_13": 0.0,
      "feature_14": 0.0,
      "feature_15": 0.0,
      "feature_24": 0.0,
      "feature_25": 0.0,
      "feature_26": 0.0,
      "feature_27": 0.0,
      "feature_28": 0.0,
      "feature_29": 0.0,
      "feature_35": 0.0,
      "feature_36": 0.0,
      "feature_37": 0.0,
      "feature_38": 0.0,
      "feature_39": 0.0,
      "feature_40": 0.0,
      "feature_41": 0.0,
      "feature_42": 0.0,
      "feature_43": 0.0,
      "feature_44": 0.0,
      "feature_45": 0.0,
      "feature_46": 0.0,
      "feature_47": 0.0
    },
    "best_params": {},
    "n_features": 48,
    "n_samples": 2000,
    "calibration_metrics": {
      "brier_score": 0.03432316752442795,
      "ece": 0.06951516942214221,
      "reliability_stats": {
        "correlation": 0.549445528250107,
        "mean_absolute_difference": 0.4018847838856564,
        "n_bins": 10
      },
      "calibration_curve": {
        "fraction_of_positives": [
          0.0,
          0.0,
          0.0,
          0.0,
          0.0,
          0.0,
          0.0,
          0.0,
          0.0,
          0.978441127694859
        ],
        "mean_predicted_value": [
          0.01831341637190537,
          0.14267171542631107,
          0.24531902345744047,
          0.3420947231352329,
          0.4416903757623264,
          0.5571388721466064,
          0.6458732485771179,
          0.7508691370487213,
          0.855064155963751,
          0.9982540668737434
        ]
      }
    }
  }
}