{
  "family": "sqli",
  "validation_log_loss": 0.03004188843653747,
  "validation_accuracy": 0.99,
  "precision": 1.0,
  "recall": 0.97,
  "f1_score": 0.9847715736040609,
  "support": 200.0,
  "n_samples": 3000,
  "n_features": 45
}