{
  "family": "xss",
  "validation_log_loss": 0.11202489528002076,
  "validation_accuracy": 0.9283333333333333,
  "precision": 0.823045267489712,
  "recall": 1.0,
  "f1_score": 0.9029345372460497,
  "support": 200.0,
  "n_samples": 3000,
  "n_features": 45
}